/* SEED DATA
   Cantidad: 30 registros por entidad
   Orden: Catálogos -> Estructuras -> Objetos (Padre+Hijo) -> Relaciones
*/
SET FOREIGN_KEY_CHECKS = 0;
-- ! 1. CATÁLOGOS Y TIPOS (Tablas Independientes, )
-- 1.1 GalaxyType
INSERT INTO `GalaxyType` (`id`, `name`)
VALUES (1, 'Spiral'),
       (2, 'Elliptical'),
       (3, 'Irregular'),
       (4, 'Lenticular'),
       (5, 'Barred Spiral'),
       (6, 'Peculiar'),
       (7, 'Dwarf'),
       (8, 'Giant Elliptical'),
       (9, 'Dwarf Spheroidal'),
       (10, 'Ultra Diffuse'),
       (11, 'Ring'),
       (12, 'Seyfert'),
       (13, 'Radio'),
       (14, 'Quasar Host'),
       (15, 'Blazar Host'),
       (16, 'Starburst'),
       (17, 'Interacting'),
       (18, 'Satellite'),
       (19, 'Dark Matter Deficient'),
       (20, 'Green Pea'),
       (21, 'Luminous Infrared'),
       (22, 'Supergiant'),
       (23, 'Compact'),
       (24, 'Low Surface Brightness'),
       (25, 'Tidal Dwarf'),
       (26, 'Anemic Spiral'),
       (27, 'Flocculent Spiral'),
       (28, 'Grand Design Spiral'),
       (29, 'Magellanic'),
       (30, 'Proto-Galaxy');

-- 1.2 Constellation
INSERT INTO `Constellation` (`id`, `name`, `abbreviation`)
VALUES (1, 'Andromeda', 'And'),
       (2, 'Antlia', 'Ant'),
       (3, 'Apus', 'Aps'),
       (4, 'Aquarius', 'Aqr'),
       (5, 'Aquila', 'Aql'),
       (6, 'Ara', 'Ara'),
       (7, 'Aries', 'Ari'),
       (8, 'Auriga', 'Aur'),
       (9, 'Bootes', 'Boo'),
       (10, 'Caelum', 'Cae'),
       (11, 'Camelopardalis', 'Cam'),
       (12, 'Cancer', 'Cnc'),
       (13, 'Canes Venatici', 'CVn'),
       (14, 'Canis Major', 'CMa'),
       (15, 'Canis Minor', 'CMi'),
       (16, 'Capricornus', 'Cap'),
       (17, 'Carina', 'Car'),
       (18, 'Cassiopeia', 'Cas'),
       (19, 'Centaurus', 'Cen'),
       (20, 'Cepheus', 'Cep'),
       (21, 'Cetus', 'Cet'),
       (22, 'Chamaeleon', 'Cha'),
       (23, 'Circinus', 'Cir'),
       (24, 'Columba', 'Col'),
       (25, 'Coma Berenices', 'Com'),
       (26, 'Corona Australis', 'CrA'),
       (27, 'Corona Borealis', 'CrB'),
       (28, 'Corvus', 'Crv'),
       (29, 'Crater', 'Crt'),
       (30, 'Crux', 'Cru');

-- 1.3 StarSpectralType
INSERT INTO `StarSpectralType` (`id`, `code`, `description`)
VALUES (1, 'O5', 'Hot Blue'),
       (2, 'B0', 'Blue'),
       (3, 'A0', 'Blue White'),
       (4, 'F0', 'White'),
       (5, 'G2', 'Yellow'),
       (6, 'K0', 'Orange'),
       (7, 'M0', 'Red'),
       (8, 'L0', 'Brown Dwarf L'),
       (9, 'T0', 'Brown Dwarf T'),
       (10, 'Y0', 'Brown Dwarf Y'),
       (11, 'O9', 'Late O'),
       (12, 'B5', 'Mid B'),
       (13, 'A5', 'Mid A'),
       (14, 'F5', 'Mid F'),
       (15, 'G5', 'Mid G'),
       (16, 'K5', 'Mid K'),
       (17, 'M5', 'Mid M'),
       (18, 'DA', 'White Dwarf H'),
       (19, 'DB', 'White Dwarf He'),
       (20, 'DC', 'White Dwarf No Lines'),
       (21, 'WN', 'Wolf Rayet N'),
       (22, 'WC', 'Wolf Rayet C'),
       (23, 'S', 'S Type'),
       (24, 'C', 'Carbon Star'),
       (25, 'MS', 'Intermediate MS'),
       (26, 'G2V', 'Solar Twin'),
       (27, 'K2V', 'Orange Dwarf'),
       (28, 'M4V', 'Red Dwarf'),
       (29, 'O3', 'Hyper Hot'),
       (30, 'B8', 'Late B');

-- 1.4 PlanetType
INSERT INTO `PlanetType` (`id`, `name`)
VALUES (1, 'Terrestrial'),
       (2, 'Gas Giant'),
       (3, 'Ice Giant'),
       (4, 'Dwarf Planet'),
       (5, 'Super Earth'),
       (6, 'Mini Neptune'),
       (7, 'Hot Jupiter'),
       (8, 'Rogue Planet'),
       (9, 'Ocean World'),
       (10, 'Proto Planet'),
       (11, 'Chthonian'),
       (12, 'Eccentric Jupiter'),
       (13, 'Helium Planet'),
       (14, 'Carbon Planet'),
       (15, 'Iron Planet'),
       (16, 'Coreless Planet'),
       (17, 'Puffy Planet'),
       (18, 'Silicate Planet'),
       (19, 'Lava Planet'),
       (20, 'Desert Planet'),
       (21, 'Tidally Locked'),
       (22, 'Binary Planet'),
       (23, 'Circumbinary'),
       (24, 'Trojan Planet'),
       (25, 'Double Planet'),
       (26, 'Exoplanet'),
       (27, 'Goldilocks'),
       (28, 'Mesoplanet'),
       (29, 'Sub Earth'),
       (30, 'Mega Earth');

-- 1.5 AsteroidType
INSERT INTO `AsteroidType` (`id`, `name`)
VALUES (1, 'C-Type'),
       (2, 'S-Type'),
       (3, 'M-Type'),
       (4, 'V-Type'),
       (5, 'B-Type'),
       (6, 'F-Type'),
       (7, 'G-Type'),
       (8, 'Q-Type'),
       (9, 'R-Type'),
       (10, 'A-Type'),
       (11, 'D-Type'),
       (12, 'P-Type'),
       (13, 'T-Type'),
       (14, 'E-Type'),
       (15, 'K-Type'),
       (16, 'L-Type'),
       (17, 'O-Type'),
       (18, 'X-Type'),
       (19, 'Near Earth'),
       (20, 'Trojan'),
       (21, 'Centaur'),
       (22, 'Kuiper Belt Object'),
       (23, 'Scattered Disc'),
       (24, 'Main Belt'),
       (25, 'Apollo'),
       (26, 'Amor'),
       (27, 'Aten'),
       (28, 'Atira'),
       (29, 'Active Asteroid'),
       (30, 'Binary Asteroid');

-- 1.6 CometType
INSERT INTO `CometType` (`id`, `name`)
VALUES (1, 'Short Period'),
       (2, 'Long Period'),
       (3, 'Halley Type'),
       (4, 'Jupiter Family'),
       (5, 'Main Belt Comet'),
       (6, 'Sungrazing'),
       (7, 'Hyperbolic'),
       (8, 'Encke Type'),
       (9, 'Chiron Type'),
       (10, 'Damocloid'),
       (11, 'Lost Comet'),
       (12, 'Fragmented'),
       (13, 'Dormant'),
       (14, 'Extinct'),
       (15, 'Great Comet'),
       (16, 'Interstellar'),
       (17, 'Manx'),
       (18, 'Retrograde'),
       (19, 'Near Sun'),
       (20, 'Kreutz Sungrazer'),
       (21, 'Meyer Group'),
       (22, 'Marsden Group'),
       (23, 'Kracht Group'),
       (24, 'Single Apparition'),
       (25, 'Periodic'),
       (26, 'Non-Periodic'),
       (27, 'Parabolic'),
       (28, 'Oort Cloud'),
       (29, 'Scattered Disc'),
       (30, 'Exocomet');
-- 2. JERARQUÍA DE OBJETOS (Herencia)
-- Estrategia: Insertar en CelestialObject y luego en la tabla Hija con el mismo ID.
-- Rangos de IDs reservados para mantener el control:
-- Galaxias: 1-30 | Estrellas: 31-60 | Planetas: 61-90 | Satélites: 91-120
-- Asteroides: 121-150 | Cometas: 151-180 | Agujeros N: 181-210 | Nebulosas: 211-240 | Cúmulos: 241-270
-- --- 2.1 GALAXIAS (IDs 1-30) ---
INSERT INTO `CelestialObject` (`id`, `global_name`)
VALUES (1, 'Milky Way'),
       (2, 'Andromeda'),
       (3, 'Triangulum'),
       (4, 'Whirlpool'),
       (5, 'Sombrero'),
       (6, 'Pinwheel'),
       (7, 'Cigar'),
       (8, 'Sunflower'),
       (9, 'Black Eye'),
       (10, 'Centaurus A'),
       (11, 'Bodes Galaxy'),
       (12, 'Cartwheel'),
       (13, 'Tadpole'),
       (14, 'Hoags Object'),
       (15, 'Mayalls Object'),
       (16, 'Large Magellanic Cloud'),
       (17, 'Small Magellanic Cloud'),
       (18, 'Leo I'),
       (19, 'Draco Dwarf'),
       (20, 'Carina Dwarf'),
       (21, 'Fornax Dwarf'),
       (22, 'Sculptor Dwarf'),
       (23, 'Sextans Dwarf'),
       (24, 'Ursa Minor Dwarf'),
       (25, 'Messier 32'),
       (26, 'Messier 110'),
       (27, 'Barnards Galaxy'),
       (28, 'Wolf-Lundmark-Melotte'),
       (29, 'Pegasus Dwarf'),
       (30, 'Phoenix Dwarf');

INSERT INTO `Galaxy` (`id`, `galaxy_type_id`, `distance_mly`)
VALUES (1, 1, 0.0000),
       (2, 1, 2.5370),
       (3, 1, 3.0000),
       (4, 1, 23.0000),
       (5, 1, 29.0000),
       (6, 1, 21.0000),
       (7, 16, 12.0000),
       (8, 1, 27.0000),
       (9, 1, 24.0000),
       (10, 4, 13.0000),
       (11, 1, 12.0000),
       (12, 11, 500.0000),
       (13, 1, 420.0000),
       (14, 11, 600.0000),
       (15, 17, 500.0000),
       (16, 3, 0.1630),
       (17, 3, 0.2000),
       (18, 9, 0.8200),
       (19, 9, 0.2600),
       (20, 9, 0.3300),
       (21, 9, 0.4500),
       (22, 9, 0.2900),
       (23, 9, 0.2800),
       (24, 9, 0.2000),
       (25, 7, 2.4900),
       (26, 7, 2.6900),
       (27, 3, 1.6000),
       (28, 3, 3.0000),
       (29, 3, 3.0000),
       (30, 3, 1.4000);
-- 3. ESTRUCTURAS INTRA-GALÁCTICAS (Dependen de Galaxias)
-- 3.1 GalaxyArm (30 registros distribuidos en la Vía Láctea y Andrómeda)
INSERT INTO `GalaxyArm` (`id`, `name`, `galaxy_id`)
VALUES (1, 'Orion Arm', 1),
       (2, 'Perseus Arm', 1),
       (3, 'Sagittarius Arm', 1),
       (4, 'Norma Arm', 1),
       (5, 'Scutum-Centaurus Arm', 1),
       (6, 'Outer Arm', 1),
       (7, 'New Arm 1', 1),
       (8, 'New Arm 2', 1),
       (9, 'Andromeda Arm 1', 2),
       (10, 'Andromeda Arm 2', 2),
       (11, 'Triangulum Arm A', 3),
       (12, 'Triangulum Arm B', 3),
       (13, 'Whirlpool Arm A', 4),
       (14, 'Whirlpool Arm B', 4),
       (15, 'Pinwheel Outer', 6),
       (16, 'Pinwheel Inner', 6),
       (17, 'Centaurus Dust Lane', 10),
       (18, 'Bodes Arm 1', 11),
       (19, 'Bodes Arm 2', 11),
       (20, 'Cartwheel Ring', 12),
       (21, 'LMC Bar', 16),
       (22, 'SMC Wing', 17),
       (23, 'Generic Arm 23', 5),
       (24, 'Generic Arm 24', 5),
       (25, 'Generic Arm 25', 8),
       (26, 'Generic Arm 26', 8),
       (27, 'Generic Arm 27', 9),
       (28, 'Generic Arm 28', 9),
       (29, 'Generic Arm 29', 13),
       (30, 'Generic Arm 30', 14);
-- 3.2 StellarNeighborhood (30 registros)
INSERT INTO `StellarNeighborhood` (`id`, `name`, `arm_id`)
VALUES (1, 'Solar Neighborhood', 1),
       (2, 'Orion Nebula Cluster', 1),
       (3, 'Pleiades Sector', 1),
       (4, 'Hyades Sector', 1),
       (5, 'Sirius Sector', 1),
       (6, 'Alpha Centauri Sector', 1),
       (7, 'Perseus OB1', 2),
       (8, 'Double Cluster Sector', 2),
       (9, 'Cassiopeia Region', 2),
       (10, 'Sagittarius OB1', 3),
       (11, 'Lagoon Nebula Sector', 3),
       (12, 'Trifid Sector', 3),
       (13, 'Eagle Nebula Sector', 3),
       (14, 'Omega Centauri Region', 5),
       (15, 'Crux Region', 5),
       (16, 'Carina Nebula Sector', 5),
       (17, 'Norma Cluster', 4),
       (18, 'Outer Rim Sector', 6),
       (19, 'Andromeda Core', 9),
       (20, 'Andromeda Halo', 10),
       (21, 'Triangulum Core', 11),
       (22, 'Whirlpool Edge', 13),
       (23, 'Local Bubble', 1),
       (24, 'Loop I Bubble', 1),
       (25, 'Gould Belt', 1),
       (26, 'Vela Region', 1),
       (27, 'Cygnus Region', 1),
       (28, 'Scorpius Region', 3),
       (29, 'Taurus Region', 1),
       (30, 'Gemini Region', 1);
-- 3.3 StarSystem (30 registros)
INSERT INTO `StarSystem` (`id`, `name`, `neighborhood_id`)
VALUES (1, 'Solar System', 1),
       (2, 'Alpha Centauri System', 6),
       (3, 'Sirius System', 5),
       (4, 'Procyon System', 1),
       (5, 'Barnards Star System', 1),
       (6, 'Wolf 359 System', 1),
       (7, 'Lalande 21185 System', 1),
       (8, 'Epsilon Eridani System', 1),
       (9, 'Lacaille 9352 System', 1),
       (10, 'Ross 128 System', 1),
       (11, 'Struve 2398 System', 1),
       (12, 'Groombridge 34 System', 1),
       (13, 'Epsilon Indi System', 1),
       (14, 'Tau Ceti System', 1),
       (15, 'Luyten System', 1),
       (16, 'Trappist-1 System', 1),
       (17, 'Kepler-90 System', 1),
       (18, 'Gliese 581 System', 1),
       (19, 'Gliese 876 System', 1),
       (20, 'HD 40307 System', 1),
       (21, 'HD 10180 System', 1),
       (22, 'Kepler-11 System', 1),
       (23, 'Kepler-20 System', 1),
       (24, 'Kepler-33 System', 1),
       (25, 'Kepler-80 System', 1),
       (26, 'Cancri 55 System', 1),
       (27, 'Mu Arae System', 1),
       (28, 'Upsilon Andromedae System', 1),
       (29, 'WASP-47 System', 1),
       (30, 'HR 8799 System', 1);
-- 4. OBJETOS HIJOS (Continuación)
-- --- 2.2 ESTRELLAS (IDs 31-60) ---
INSERT INTO `CelestialObject` (`id`, `global_name`)
VALUES (31, 'Sun'),
       (32, 'Proxima Centauri'),
       (33, 'Alpha Centauri A'),
       (34, 'Alpha Centauri B'),
       (35, 'Sirius A'),
       (36, 'Sirius B'),
       (37, 'Betelgeuse'),
       (38, 'Rigel'),
       (39, 'Vega'),
       (40, 'Altair'),
       (41, 'Deneb'),
       (42, 'Arcturus'),
       (43, 'Capella'),
       (44, 'Aldebaran'),
       (45, 'Spica'),
       (46, 'Antares'),
       (47, 'Pollux'),
       (48, 'Fomalhaut'),
       (49, 'Trappist-1'),
       (50, 'Kepler-90'),
       (51, 'Gliese 581'),
       (52, 'Tau Ceti'),
       (53, 'Epsilon Eridani'),
       (54, 'Procyon A'),
       (55, 'Procyon B'),
       (56, 'Barnards Star'),
       (57, 'Wolf 359'),
       (58, 'Lalande 21185'),
       (59, 'Ross 128'),
       (60, 'Epsilon Indi');

INSERT INTO `Star` (`id`, `constellation_id`, `system_id`, `spectral_type_id`, `mass_solar`, `radius_solar`)
VALUES (31, 1, 1, 26, 1.0000, 1.0000),
       (32, 19, 2, 28, 0.1221, 0.1542),
       (33, 19, 2, 26, 1.1000, 1.2234),
       (34, 19, 2, 27, 0.9070, 0.8632),
       (35, 14, 3, 3, 2.0630, 1.7110),
       (36, 14, 3, 18, 1.0180, 0.0084),
       (37, 1, 1, 7, 11.6000, 887.0000),
       (38, 1, 1, 12, 21.0000, 78.9000),
       (39, 20, 1, 3, 2.1350, 2.3620),
       (40, 5, 1, 3, 1.7900, 1.6300),
       (41, 20, 1, 3, 19.0000, 203.0000),
       (42, 9, 1, 6, 1.0800, 25.4000),
       (43, 8, 1, 5, 2.5687, 11.9800),
       (44, 1, 1, 6, 1.1600, 44.1300),
       (45, 1, 1, 2, 11.4300, 7.4000),
       (46, 28, 1, 7, 12.0000, 680.0000),
       (47, 1, 1, 6, 1.9100, 8.8000),
       (48, 1, 1, 3, 1.9200, 1.8400),
       (49, 4, 16, 28, 0.0802, 0.1170),
       (50, 1, 17, 26, 1.2000, 1.2000),
       (51, 1, 18, 28, 0.3100, 0.2900),
       (52, 21, 14, 26, 0.7830, 0.7930),
       (53, 1, 8, 27, 0.8200, 0.7350),
       (54, 15, 4, 4, 1.4990, 2.0480),
       (55, 15, 4, 18, 0.6020, 0.0123),
       (56, 1, 5, 28, 0.1440, 0.1960),
       (57, 1, 6, 28, 0.0900, 0.1600),
       (58, 1, 7, 28, 0.4600, 0.3930),
       (59, 1, 10, 28, 0.1680, 0.1967),
       (60, 1, 13, 27, 0.7620, 0.7320);

-- --- 2.3 PLANETAS (IDs 61-90) ---
INSERT INTO `CelestialObject` (`id`, `global_name`)
VALUES (61, 'Mercury'),
       (62, 'Venus'),
       (63, 'Earth'),
       (64, 'Mars'),
       (65, 'Jupiter'),
       (66, 'Saturn'),
       (67, 'Uranus'),
       (68, 'Neptune'),
       (69, 'Proxima b'),
       (70, 'Proxima c'),
       (71, 'Trappist-1b'),
       (72, 'Trappist-1c'),
       (73, 'Trappist-1d'),
       (74, 'Trappist-1e'),
       (75, 'Trappist-1f'),
       (76, 'Trappist-1g'),
       (77, 'Trappist-1h'),
       (78, 'Kepler-90b'),
       (79, 'Kepler-90c'),
       (80, 'Kepler-90d'),
       (81, 'Gliese 581c'),
       (82, 'Gliese 581d'),
       (83, 'Gliese 581e'),
       (84, 'Tau Ceti e'),
       (85, 'Tau Ceti f'),
       (86, 'Epsilon Eridani b'),
       (87, 'Ross 128 b'),
       (88, 'Barnards Star b'),
       (89, 'Kepler-186f'),
       (90, 'HD 209458 b');

INSERT INTO `Planet` (`id`, `planet_type_id`, `mass_earth`, `radius_earth`)
VALUES (61, 1, 0.0553, 0.3829),
       (62, 1, 0.8150, 0.9499),
       (63, 1, 1.0000, 1.0000),
       (64, 1, 0.1070, 0.5320),
       (65, 2, 317.8000, 11.2090),
       (66, 2, 95.1590, 9.4490),
       (67, 3, 14.5360, 4.0070),
       (68, 3, 17.1470, 3.8830),
       (69, 1, 1.2700, 1.1000),
       (70, 5, 7.0000, 1.5000),
       (71, 1, 1.0170, 1.1210),
       (72, 1, 1.1560, 1.0950),
       (73, 1, 0.2970, 0.7840),
       (74, 1, 0.7720, 0.9100),
       (75, 1, 0.9340, 1.0460),
       (76, 1, 1.1480, 1.1480),
       (77, 1, 0.3310, 0.7730),
       (78, 5, 3.0000, 1.3100),
       (79, 6, 4.0000, 1.6000),
       (80, 2, 10.0000, 2.8000),
       (81, 5, 5.5000, 1.5000),
       (82, 5, 6.9800, 2.2000),
       (83, 1, 1.7000, 1.2000),
       (84, 5, 3.9300, 1.8000),
       (85, 5, 3.9300, 1.8000),
       (86, 2, 247.9000, 12.0000),
       (87, 1, 1.3500, 1.1000),
       (88, 5, 3.2000, 1.4000),
       (89, 1, 1.1100, 1.1700),
       (90, 7, 219.0000, 15.0000);

-- --- 2.4 SATÉLITES NATURALES (IDs 91-120) ---
INSERT INTO `CelestialObject` (`id`, `global_name`)
VALUES (91, 'Moon'),
       (92, 'Phobos'),
       (93, 'Deimos'),
       (94, 'Io'),
       (95, 'Europa'),
       (96, 'Ganymede'),
       (97, 'Callisto'),
       (98, 'Titan'),
       (99, 'Enceladus'),
       (100, 'Mimas'),
       (101, 'Iapetus'),
       (102, 'Rhea'),
       (103, 'Tethys'),
       (104, 'Dione'),
       (105, 'Miranda'),
       (106, 'Ariel'),
       (107, 'Umbriel'),
       (108, 'Titania'),
       (109, 'Oberon'),
       (110, 'Triton'),
       (111, 'Charon'),
       (112, 'Styx'),
       (113, 'Nix'),
       (114, 'Kerberos'),
       (115, 'Hydra'),
       (116, 'Amalthea'),
       (117, 'Hyperion'),
       (118, 'Phoebe'),
       (119, 'Proteus'),
       (120, 'Nereid');

INSERT INTO `NaturalSatellite` (`id`, `mass_satellite`, `radius_satellite`)
VALUES (91, 0.0123, 0.2727),
       (92, 0.0001, 0.0017),
       (93, 0.0001, 0.0009),
       (94, 0.0150, 0.2860),
       (95, 0.0080, 0.2450),
       (96, 0.0250, 0.4130),
       (97, 0.0180, 0.3780),
       (98, 0.0225, 0.4040),
       (99, 0.0001, 0.0390),
       (100, 0.0001, 0.0310),
       (101, 0.0003, 0.1150),
       (102, 0.0004, 0.1180),
       (103, 0.0001, 0.0830),
       (104, 0.0002, 0.0880),
       (105, 0.0001, 0.0360),
       (106, 0.0002, 0.0900),
       (107, 0.0002, 0.0920),
       (108, 0.0006, 0.1230),
       (109, 0.0005, 0.1190),
       (110, 0.0036, 0.2120),
       (111, 0.0025, 0.0950),
       (112, 0.0001, 0.0010),
       (113, 0.0001, 0.0040),
       (114, 0.0001, 0.0020),
       (115, 0.0001, 0.0050),
       (116, 0.0001, 0.0130),
       (117, 0.0001, 0.0200),
       (118, 0.0001, 0.0170),
       (119, 0.0001, 0.0330),
       (120, 0.0001, 0.0260);

INSERT INTO `CelestialObject` (`id`, `global_name`)
VALUES (121, 'Ceres'),
       (122, 'Pallas'),
       (123, 'Juno'),
       (124, 'Vesta'),
       (125, 'Astraea'),
       (126, 'Hebe'),
       (127, 'Iris'),
       (128, 'Flora'),
       (129, 'Metis'),
       (130, 'Hygiea'),
       (131, 'Parthenope'),
       (132, 'Victoria'),
       (133, 'Egeria'),
       (134, 'Irene'),
       (135, 'Eunomia'),
       (136, 'Psyche'),
       (137, 'Thetis'),
       (138, 'Melpomene'),
       (139, 'Fortuna'),
       (140, 'Massalia'),
       (141, 'Lutetia'),
       (142, 'Kalliope'),
       (143, 'Thalia'),
       (144, 'Themis'),
       (145, 'Phocaea'),
       (146, 'Proserpina'),
       (147, 'Euterpe'),
       (148, 'Bellona'),
       (149, 'Amphitrite'),
       (150, 'Urania');

INSERT INTO `Asteroid` (`id`, `type_id`)
VALUES (121, 1),
       (122, 5),
       (123, 2),
       (124, 4),
       (125, 2),
       (126, 2),
       (127, 2),
       (128, 2),
       (129, 3),
       (130, 1),
       (131, 2),
       (132, 2),
       (133, 1),
       (134, 2),
       (135, 2),
       (136, 3),
       (137, 2),
       (138, 2),
       (139, 1),
       (140, 2),
       (141, 3),
       (142, 3),
       (143, 2),
       (144, 1),
       (145, 2),
       (146, 2),
       (147, 2),
       (148, 2),
       (149, 2),
       (150, 2);

-- --- 2.6 COMETAS (IDs 151-180) ---
INSERT INTO `CelestialObject` (`id`, `global_name`)
VALUES (151, 'Halley'),
       (152, 'Encke'),
       (153, 'Biela'),
       (154, 'Faye'),
       (155, 'Brorsen'),
       (156, 'DArrest'),
       (157, 'Pons-Winnecke'),
       (158, 'Tuttle'),
       (159, 'Tempel 1'),
       (160, 'Tempel 2'),
       (161, 'Wolf'),
       (162, 'Holmes'),
       (163, 'Borrelly'),
       (164, 'Kopff'),
       (165, 'Brooks 2'),
       (166, 'Finlay'),
       (167, 'Swift-Tuttle'),
       (168, 'Hale-Bopp'),
       (169, 'Hyakutake'),
       (170, 'Shoemaker-Levy 9'),
       (171, 'Lovejoy'),
       (172, 'McNaught'),
       (173, 'Ison'),
       (174, 'West'),
       (175, 'Arend-Roland'),
       (176, 'Eclipse Comet'),
       (177, 'NEOWISE'),
       (178, 'Churyumov-Gerasimenko'),
       (179, 'Hartley 2'),
       (180, 'Wild 2');

INSERT INTO `Comet` (`id`, `type_id`)
VALUES (151, 3),
       (152, 8),
       (153, 1),
       (154, 4),
       (155, 4),
       (156, 4),
       (157, 4),
       (158, 3),
       (159, 4),
       (160, 4),
       (161, 4),
       (162, 4),
       (163, 4),
       (164, 4),
       (165, 4),
       (166, 4),
       (167, 3),
       (168, 2),
       (169, 2),
       (170, 4),
       (171, 2),
       (172, 27),
       (173, 6),
       (174, 2),
       (175, 7),
       (176, 20),
       (177, 2),
       (178, 4),
       (179, 4),
       (180, 4);

-- --- 2.7 AGUJEROS NEGROS (IDs 181-210) ---
INSERT INTO `CelestialObject` (`id`, `global_name`)
VALUES (181, 'Sagittarius A*'),
       (182, 'Cygnus X-1'),
       (183, 'V404 Cygni'),
       (184, 'A0620-00'),
       (185, 'GRO J1655-40'),
       (186, 'M87*'),
       (187, 'TON 618'),
       (188, 'Holmberg 15A'),
       (189, 'IC 10 X-1'),
       (190, 'Gaia BH1'),
       (191, 'Gaia BH2'),
       (192, 'SS 433'),
       (193, 'GRS 1915+105'),
       (194, 'XTE J1118+480'),
       (195, 'GW150914'),
       (196, 'GW151226'),
       (197, 'GW170104'),
       (198, 'MAXI J1659-152'),
       (199, 'Swift J1753.5-0127'),
       (200, '1A 0620-00'),
       (201, 'GS 2000+25'),
       (202, 'V4641 Sagittarii'),
       (203, 'GX 339-4'),
       (204, 'H1705-250'),
       (205, 'XTE J1650-500'),
       (206, 'XTE J1859+226'),
       (207, 'XTE J1550-564'),
       (208, '4U 1543-47'),
       (209, 'LMC X-1'),
       (210, 'LMC X-3');

INSERT INTO `BlackHole` (`id`, `mass_solar`)
VALUES (181, 4300000.0000),
       (182, 21.2000),
       (183, 9.0000),
       (184, 6.6000),
       (185, 7.0000),
       (186, 6500000000.0000),
       (187, 66000000000.0000),
       (188, 40000000000.0000),
       (189, 24.0000),
       (190, 9.6000),
       (191, 8.9000),
       (192, 15.0000),
       (193, 14.0000),
       (194, 7.5000),
       (195, 62.0000),
       (196, 14.0000),
       (197, 48.0000),
       (198, 5.0000),
       (199, 4.0000),
       (200, 6.6000),
       (201, 7.5000),
       (202, 6.4000),
       (203, 5.8000),
       (204, 6.0000),
       (205, 9.0000),
       (206, 8.0000),
       (207, 10.0000),
       (208, 9.4000),
       (209, 10.9000),
       (210, 7.0000);

-- --- 2.8 NEBULOSAS (IDs 211-240) ---
INSERT INTO `CelestialObject` (`id`, `global_name`)
VALUES (211, 'Orion Nebula'),
       (212, 'Crab Nebula'),
       (213, 'Eagle Nebula'),
       (214, 'Ring Nebula'),
       (215, 'Dumbbell Nebula'),
       (216, 'Helix Nebula'),
       (217, 'Carina Nebula'),
       (218, 'Trifid Nebula'),
       (219, 'Lagoon Nebula'),
       (220, 'Omega Nebula'),
       (221, 'Horsehead Nebula'),
       (222, 'Veil Nebula'),
       (223, 'Rosette Nebula'),
       (224, 'Tarantula Nebula'),
       (225, 'Cat Eye Nebula'),
       (226, 'Ant Nebula'),
       (227, 'Butterfly Nebula'),
       (228, 'Eskimo Nebula'),
       (229, 'Owl Nebula'),
       (230, 'Saturn Nebula'),
       (231, 'North America Nebula'),
       (232, 'Pelican Nebula'),
       (233, 'Heart Nebula'),
       (234, 'Soul Nebula'),
       (235, 'Elephant Trunk Nebula'),
       (236, 'Flame Nebula'),
       (237, 'Running Chicken Nebula'),
       (238, 'Cone Nebula'),
       (239, 'Witch Head Nebula'),
       (240, 'California Nebula');

INSERT INTO `Nebula` (`id`, `neighborhood_id`)
VALUES (211, 2),
       (212, 1),
       (213, 13),
       (214, 1),
       (215, 1),
       (216, 1),
       (217, 16),
       (218, 12),
       (219, 11),
       (220, 1),
       (221, 2),
       (222, 1),
       (223, 1),
       (224, 1),
       (225, 1),
       (226, 1),
       (227, 1),
       (228, 1),
       (229, 1),
       (230, 1),
       (231, 27),
       (232, 27),
       (233, 2),
       (234, 2),
       (235, 1),
       (236, 2),
       (237, 1),
       (238, 1),
       (239, 2),
       (240, 2);

-- --- 2.9 CÚMULOS ESTELARES (IDs 241-270) ---
INSERT INTO `CelestialObject` (`id`, `global_name`)
VALUES (241, 'Pleiades'),
       (242, 'Hyades'),
       (243, 'Beehive Cluster'),
       (244, 'Omega Centauri'),
       (245, '47 Tucanae'),
       (246, 'Hercules Cluster'),
       (247, 'Messier 3'),
       (248, 'Messier 4'),
       (249, 'Messier 5'),
       (250, 'Messier 9'),
       (251, 'Messier 10'),
       (252, 'Messier 12'),
       (253, 'Messier 14'),
       (254, 'Messier 15'),
       (255, 'Messier 19'),
       (256, 'Messier 22'),
       (257, 'Messier 28'),
       (258, 'Messier 30'),
       (259, 'Messier 53'),
       (260, 'Messier 54'),
       (261, 'Messier 55'),
       (262, 'Messier 56'),
       (263, 'Messier 62'),
       (264, 'Messier 68'),
       (265, 'Messier 69'),
       (266, 'Messier 70'),
       (267, 'Messier 71'),
       (268, 'Messier 72'),
       (269, 'Messier 75'),
       (270, 'Messier 79');

INSERT INTO `StarCluster` (`id`, `galaxy_id`)
VALUES (241, 1),
       (242, 1),
       (243, 1),
       (244, 1),
       (245, 1),
       (246, 1),
       (247, 1),
       (248, 1),
       (249, 1),
       (250, 1),
       (251, 1),
       (252, 1),
       (253, 1),
       (254, 1),
       (255, 1),
       (256, 1),
       (257, 1),
       (258, 1),
       (259, 1),
       (260, 1),
       (261, 1),
       (262, 1),
       (263, 1),
       (264, 1),
       (265, 1),
       (266, 1),
       (267, 1),
       (268, 1),
       (269, 1),
       (270, 1);


-- 5. RELACIONES FÍSICAS (ÓRBITAS)
-- 30 Órbitas de ejemplo (Planetas orbitando estrellas, Lunas orbitando planetas)

INSERT INTO `Orbit` (`celestial_object_id`, `primary_body_id`, `semi_major_axis`, `eccentricity`, `orbital_period`)
VALUES
-- Planetas orbitando al Sol (ID 31)
(61, 31, 0.3870, 0.2056, 88.0000),     -- Mercurio
(62, 31, 0.7230, 0.0068, 224.7000),    -- Venus
(63, 31, 1.0000, 0.0167, 365.2500),    -- Tierra
(64, 31, 1.5240, 0.0934, 687.0000),    -- Marte
(65, 31, 5.2040, 0.0489, 4332.0000),   -- Jupiter
(66, 31, 9.5820, 0.0565, 10759.0000),  -- Saturno
(67, 31, 19.2200, 0.0463, 30688.0000), -- Urano
(68, 31, 30.0500, 0.0086, 60182.0000), -- Neptuno
-- Lunas orbitando Planetas
(91, 63, 0.0026, 0.0549, 27.3000),     -- Luna -> Tierra
(92, 64, 0.0001, 0.0151, 0.3180),      -- Phobos -> Marte
(93, 64, 0.0002, 0.0002, 1.2620),      -- Deimos -> Marte
(94, 65, 0.0028, 0.0041, 1.7690),      -- Io -> Jupiter
(95, 65, 0.0045, 0.0094, 3.5510),      -- Europa -> Jupiter
(96, 65, 0.0071, 0.0013, 7.1540),      -- Ganymede -> Jupiter
(97, 65, 0.0125, 0.0074, 16.6890),     -- Callisto -> Jupiter
(98, 66, 0.0081, 0.0288, 15.9450),     -- Titan -> Saturno
-- Exoplanetas
(69, 32, 0.0485, 0.0001, 11.1860),     -- Proxima b -> Proxima Centauri
(71, 49, 0.0110, 0.0001, 1.5100),      -- Trappist 1b -> Trappist 1
(72, 49, 0.0150, 0.0001, 2.4200),
(73, 49, 0.0210, 0.0001, 4.0500),
(74, 49, 0.0280, 0.0001, 6.1000),
(75, 49, 0.0370, 0.0001, 9.2000),
(76, 49, 0.0450, 0.0001, 12.3500),
(77, 49, 0.0600, 0.0001, 20.0000),
-- Más Lunas
(99, 66, 0.0016, 0.0047, 1.3700),      -- Enceladus
(100, 66, 0.0012, 0.0196, 0.9400),
(101, 66, 0.0238, 0.0283, 79.3200),
(110, 68, 0.0023, 0.0001, 5.8770);
-- Triton -> Neptuno
-- 6. OBSERVACIONES (Logs de ejemplo)
INSERT INTO `Observation` (`celestial_object_id`, `notes`)
VALUES (64, 'Dust storm observed in southern hemisphere'),
       (65, 'Great Red Spot appears to be shrinking'),
       (37, 'Unusual dimming event recorded'),
       (181, 'Flare activity detected near event horizon'),
       (2, 'Doppler shift confirms approach velocity'),
       (66, 'Ring system shows perturbation'),
       (151, 'Outgassing rate increased by 5 percent'),
       (91, 'Impact flash detected near Tycho crater'),
       (49, 'Transit of planet e confirmed'),
       (186, 'Jet orientation stable'),
       (121, 'Bright spots detected in crater'),
       (63, 'Aurora borealis intense solar activity'),
       (68, 'Dark spot vanished'),
       (10, 'Radio lobes extending further than expected'),
       (211, 'New star formation detected in cloud core'),
       (241, 'Blue nebulosity surrounding stars clear tonight'),
       (195, 'Gravitational wave event correlation check'),
       (31, 'Sunspot group 1234 active'),
       (62, 'Atmospheric super-rotation measurements'),
       (98, 'Methane lakes glint observed'),
       (124, 'Rotational period refined'),
       (61, 'Temperature fluctuation on night side'),
       (69, 'Habitable zone conditions modeling update'),
       (42, 'Proper motion measured'),
       (6, 'Supernova remnant identified in outer arm'),
       (94, 'Volcanic plume visible on limb'),
       (71, 'Transit timing variation study'),
       (200, 'X-ray burst detected'),
       (220, 'Infrared survey completed'),
       (3, 'Star formation rate higher than expected');

SET FOREIGN_KEY_CHECKS = 1;